{
  "Nasdaq": {
    "open": 26147.001953125,
    "close": 25889.14453125,
    "low": 25765.453125,
    "low_t": "15:30",
    "high": 26162.2734375,
    "high_t": "10:30",
    "open_to_low_pct": -1.459245036234058,
    "open_to_high_pct": 0.05840625400332922
  },
  "S&P 500": {
    "open": 7558.7998046875,
    "close": 7534.6201171875,
    "low": 7504.02001953125,
    "low_t": "15:30",
    "high": 7570.740234375,
    "high_t": "10:30",
    "open_to_low_pct": -0.7247153856658417,
    "open_to_high_pct": 0.15796726988450693
  },
  "Russell 2000": {
    "open": 2970.266845703125,
    "close": 2973.926025390625,
    "low": 2963.505859375,
    "low_t": "15:30",
    "high": 2996.283203125,
    "high_t": "10:00",
    "open_to_low_pct": -0.22762218613138208,
    "open_to_high_pct": 0.8758929339803601
  },
  "Nvidia": {
    "open": 210.26499938964844,
    "close": 207.47000122070312,
    "low": 205.85000610351562,
    "low_t": "11:00",
    "high": 212.5,
    "high_t": "12:00",
    "open_to_low_pct": -2.099728104510279,
    "open_to_high_pct": 1.0629446730741066
  },
  "WTI": {
    "open": 79.54000091552734,
    "close": 79.16000366210938,
    "low": 78.0,
    "low_t": "14:00",
    "high": 80.87000274658203,
    "high_t": "09:00",
    "open_to_low_pct": -1.9361338921316418,
    "open_to_high_pct": 1.6721169420995663
  },
  "Gold": {
    "open": 4041.800048828125,
    "close": 3995.699951171875,
    "low": 3973.39990234375,
    "low_t": "15:30",
    "high": 4051.800048828125,
    "high_t": "01:00",
    "open_to_low_pct": -1.6923189088536628,
    "open_to_high_pct": 0.2474145152949747
  },
  "USD/JPY": {
    "open": 162.11199951171875,
    "close": 162.36399841308594,
    "low": 161.9770050048828,
    "low_t": "08:00",
    "high": 162.54600524902344,
    "high_t": "17:00",
    "open_to_low_pct": -0.0832723717198891,
    "open_to_high_pct": 0.26771968676710944
  }
}