{
  "Nasdaq": {
    "open": 25725.896484375,
    "close": 25510.265625,
    "low": 25502.599609375,
    "low_t": "15:30",
    "high": 25815.599609375,
    "high_t": "09:30",
    "open_to_low_pct": -0.8679848149728109,
    "open_to_high_pct": 0.3486880430171979
  },
  "S&P 500": {
    "open": 7489.18017578125,
    "close": 7444.72998046875,
    "low": 7440.52978515625,
    "low_t": "15:00",
    "high": 7513.22998046875,
    "high_t": "09:30",
    "open_to_low_pct": -0.6496090290673884,
    "open_to_high_pct": 0.32112733467506427
  },
  "Russell 2000": {
    "open": 2968.11865234375,
    "close": 2942.327392578125,
    "low": 2942.327392578125,
    "low_t": "15:30",
    "high": 2978.09375,
    "high_t": "09:30",
    "open_to_low_pct": -0.8689430169935841,
    "open_to_high_pct": 0.3360747606357739
  },
  "Nvidia": {
    "open": 205.97500610351562,
    "close": 203.3800048828125,
    "low": 202.27999877929688,
    "low_t": "15:00",
    "high": 207.74000549316406,
    "high_t": "09:30",
    "open_to_low_pct": -1.7939105302717029,
    "open_to_high_pct": 0.8568997875215034
  },
  "WTI": {
    "open": 83.63999938964844,
    "close": 82.56999969482422,
    "low": 79.58000183105469,
    "low_t": "07:30",
    "high": 84.19999694824219,
    "high_t": "02:00",
    "open_to_low_pct": -4.85413389313849,
    "open_to_high_pct": 0.6695331930658188
  },
  "Gold": {
    "open": 4028.699951171875,
    "close": 4011.0,
    "low": 4001.60009765625,
    "low_t": "10:00",
    "high": 4046.0,
    "high_t": "07:30",
    "open_to_low_pct": -0.6726699392875402,
    "open_to_high_pct": 0.4294201364659189
  },
  "USD/JPY": {
    "open": 162.50399780273438,
    "close": 162.48800659179688,
    "low": 162.18800354003906,
    "low_t": "12:30",
    "high": 162.60000610351562,
    "high_t": "17:00",
    "open_to_low_pct": -0.19445322390092556,
    "open_to_high_pct": 0.05908057775771969
  }
}