{
  "Nasdaq": {
    "open": 26261.470703125,
    "close": 26263.046875,
    "low": 26045.02734375,
    "low_t": "12:30",
    "high": 26315.39453125,
    "high_t": "10:00",
    "open_to_low_pct": -0.8241859788501671,
    "open_to_high_pct": 0.20533438029646245
  },
  "S&P 500": {
    "open": 7571.72021484375,
    "close": 7572.2001953125,
    "low": 7526.9501953125,
    "low_t": "12:30",
    "high": 7581.5,
    "high_t": "10:00",
    "open_to_low_pct": -0.5912793692968488,
    "open_to_high_pct": 0.1291619985783088
  },
  "Russell 2000": {
    "open": 2970.309814453125,
    "close": 2975.5302734375,
    "low": 2961.4208984375,
    "low_t": "12:30",
    "high": 2987.685791015625,
    "high_t": "11:00",
    "open_to_low_pct": -0.2992588844561883,
    "open_to_high_pct": 0.5849886930296311
  },
  "Nvidia": {
    "open": 212.00999450683594,
    "close": 212.49000549316406,
    "low": 206.0399932861328,
    "low_t": "12:30",
    "high": 213.80999755859375,
    "high_t": "09:30",
    "open_to_low_pct": -2.8159055588818593,
    "open_to_high_pct": 0.8490180172613382
  },
  "WTI": {
    "open": 79.94999694824219,
    "close": 80.22000122070312,
    "low": 78.19000244140625,
    "low_t": "11:30",
    "high": 80.93000030517578,
    "high_t": "04:00",
    "open_to_low_pct": -2.2013690731912283,
    "open_to_high_pct": 1.2257703493947947
  },
  "Gold": {
    "open": 4036.89990234375,
    "close": 4069.5,
    "low": 4023.300048828125,
    "low_t": "04:00",
    "high": 4089.10009765625,
    "high_t": "14:30",
    "open_to_low_pct": -0.3368885492486262,
    "open_to_high_pct": 1.2930762856466549
  },
  "USD/JPY": {
    "open": 162.2259979248047,
    "close": 162.07899475097656,
    "low": 161.88499450683594,
    "low_t": "19:00",
    "high": 162.42300415039062,
    "high_t": "11:00",
    "open_to_low_pct": -0.21020269397683533,
    "open_to_high_pct": 0.1214393673677705
  }
}