{
  "Nasdaq": {
    "open": 25240.646484375,
    "close": 25138.5703125,
    "low": 24957.013671875,
    "low_t": "11:30",
    "high": 25356.333984375,
    "high_t": "09:30",
    "open_to_low_pct": -1.123714531937925,
    "open_to_high_pct": 0.4583381018850474
  },
  "S&P 500": {
    "open": 7418.2900390625,
    "close": 7408.18017578125,
    "low": 7376.0,
    "low_t": "11:30",
    "high": 7450.1201171875,
    "high_t": "09:30",
    "open_to_low_pct": -0.5700779942522272,
    "open_to_high_pct": 0.4290756758955627
  },
  "Russell 2000": {
    "open": 2943.3046875,
    "close": 2940.06982421875,
    "low": 2924.333251953125,
    "low_t": "11:30",
    "high": 2952.54150390625,
    "high_t": "09:30",
    "open_to_low_pct": -0.6445624072643708,
    "open_to_high_pct": 0.31382467623817245
  },
  "Nvidia": {
    "open": 209.39500427246094,
    "close": 208.6999969482422,
    "low": 205.9600067138672,
    "low_t": "11:30",
    "high": 210.8686981201172,
    "high_t": "09:30",
    "open_to_low_pct": -1.6404391167442522,
    "open_to_high_pct": 0.703786536253137
  },
  "WTI": {
    "open": 88.45999908447266,
    "close": 92.19999694824219,
    "low": 87.66000366210938,
    "low_t": "01:30",
    "high": 93.5,
    "high_t": "14:00",
    "open_to_low_pct": -0.9043583886987672,
    "open_to_high_pct": 5.697491485066064
  },
  "Gold": {
    "open": 4127.7001953125,
    "close": 4052.0,
    "low": 4042.5,
    "low_t": "10:00",
    "high": 4133.39990234375,
    "high_t": "01:30",
    "open_to_low_pct": -2.064108129976472,
    "open_to_high_pct": 0.13808432690249894
  },
  "USD/JPY": {
    "open": 163.1060028076172,
    "close": 163.8470001220703,
    "low": 162.98699951171875,
    "low_t": "02:30",
    "high": 163.98800659179688,
    "high_t": "15:30",
    "open_to_low_pct": -0.07296070889482031,
    "open_to_high_pct": 0.5407549501534881
  }
}