{
  "Nasdaq": {
    "open": 26094.5546875,
    "close": 25878.7890625,
    "low": 25822.126953125,
    "low_t": "15:30",
    "high": 26136.560546875,
    "high_t": "09:30",
    "open_to_low_pct": -1.0440022358591983,
    "open_to_high_pct": 0.1609755747053354
  },
  "S&P 500": {
    "open": 7547.52978515625,
    "close": 7515.89990234375,
    "low": 7506.41015625,
    "low_t": "15:30",
    "high": 7565.3701171875,
    "high_t": "09:30",
    "open_to_low_pct": -0.5448090975026076,
    "open_to_high_pct": 0.23637312523545617
  },
  "Russell 2000": {
    "open": 2974.488037109375,
    "close": 2953.4052734375,
    "low": 2947.23583984375,
    "low_t": "15:30",
    "high": 2974.488037109375,
    "high_t": "09:30",
    "open_to_low_pct": -0.9161979112247143,
    "open_to_high_pct": 0.0
  },
  "Nvidia": {
    "open": 208.5399932861328,
    "close": 203.47999572753906,
    "low": 203.35000610351562,
    "low_t": "14:30",
    "high": 210.57000732421875,
    "high_t": "09:30",
    "open_to_low_pct": -2.488725112547663,
    "open_to_high_pct": 0.973441116064766
  },
  "WTI": {
    "open": 74.30000305175781,
    "close": 79.62999725341797,
    "low": 72.61000061035156,
    "low_t": "05:30",
    "high": 80.41999816894531,
    "high_t": "20:00",
    "open_to_low_pct": -2.2745657765706695,
    "open_to_high_pct": 8.236870613483394
  },
  "Gold": {
    "open": 4068.10009765625,
    "close": 4022.60009765625,
    "low": 3990.39990234375,
    "low_t": "20:00",
    "high": 4089.10009765625,
    "high_t": "04:00",
    "open_to_low_pct": -1.909987302359284,
    "open_to_high_pct": 0.5162114868338286
  },
  "USD/JPY": {
    "open": 162.01400756835938,
    "close": 162.43499755859375,
    "low": 161.822998046875,
    "low_t": "08:00",
    "high": 162.48800659179688,
    "high_t": "21:00",
    "open_to_low_pct": -0.11789691789692025,
    "open_to_high_pct": 0.2925666925666981
  }
}