{
  "Nasdaq": {
    "open": 25415.193359375,
    "close": 25519.482421875,
    "low": 25250.62890625,
    "low_t": "09:30",
    "high": 25702.8203125,
    "high_t": "13:30",
    "open_to_low_pct": -0.6475042341721804,
    "open_to_high_pct": 1.1317126297561764
  },
  "S&P 500": {
    "open": 7447.52001953125,
    "close": 7457.77978515625,
    "low": 7431.259765625,
    "low_t": "09:30",
    "high": 7498.47021484375,
    "high_t": "12:30",
    "open_to_low_pct": -0.2183311204751015,
    "open_to_high_pct": 0.6841229721958664
  },
  "Russell 2000": {
    "open": 2948.583740234375,
    "close": 2961.540771484375,
    "low": 2934.121826171875,
    "low_t": "09:30",
    "high": 2979.32373046875,
    "high_t": "10:00",
    "open_to_low_pct": -0.4904698437138699,
    "open_to_high_pct": 1.0425340754246948
  },
  "Nvidia": {
    "open": 202.73500061035156,
    "close": 202.63999938964844,
    "low": 197.97000122070312,
    "low_t": "09:30",
    "high": 206.64500427246094,
    "high_t": "13:00",
    "open_to_low_pct": -2.3503585346896116,
    "open_to_high_pct": 1.928627839464303
  },
  "WTI": {
    "open": 79.1500015258789,
    "close": 81.7699966430664,
    "low": 77.93000030517578,
    "low_t": "02:00",
    "high": 82.06999969482422,
    "high_t": "14:00",
    "open_to_low_pct": -1.5413786445780842,
    "open_to_high_pct": 3.6891953413173306
  },
  "Gold": {
    "open": 3995.0,
    "close": 4023.0,
    "low": 3963.0,
    "low_t": "09:00",
    "high": 4028.89990234375,
    "high_t": "12:00",
    "open_to_low_pct": -0.8010012515644593,
    "open_to_high_pct": 0.848558256414278
  },
  "USD/JPY": {
    "open": 162.3520050048828,
    "close": 162.35299682617188,
    "low": 162.11099243164062,
    "low_t": "07:30",
    "high": 162.5189971923828,
    "high_t": "17:30",
    "open_to_low_pct": -0.1484506293808585,
    "open_to_high_pct": 0.10285809990149275
  }
}