{
  "Nasdaq": {
    "open": 25692.11328125,
    "close": 25694.271484375,
    "low": 25681.32421875,
    "low_t": "09:30",
    "high": 25840.86328125,
    "high_t": "11:30",
    "open_to_low_pct": -0.04199367479775784,
    "open_to_high_pct": 0.5789714468858342
  },
  "S&P 500": {
    "open": 7497.47021484375,
    "close": 7499.43994140625,
    "low": 7485.85009765625,
    "low_t": "09:30",
    "high": 7525.93994140625,
    "high_t": "12:30",
    "open_to_low_pct": -0.154987173733534,
    "open_to_high_pct": 0.3797244369992292
  },
  "Russell 2000": {
    "open": 2982.563720703125,
    "close": 2960.41845703125,
    "low": 2955.599609375,
    "low_t": "15:30",
    "high": 2983.42724609375,
    "high_t": "09:30",
    "open_to_low_pct": -0.9040581812538195,
    "open_to_high_pct": 0.028952454045860776
  },
  "Nvidia": {
    "open": 205.80499267578125,
    "close": 212.05990600585938,
    "low": 204.9499969482422,
    "low_t": "09:30",
    "high": 214.38999938964844,
    "high_t": "13:00",
    "open_to_low_pct": -0.4154397405149446,
    "open_to_high_pct": 4.171427817298756
  },
  "WTI": {
    "open": 85.3499984741211,
    "close": 88.19999694824219,
    "low": 85.0199966430664,
    "low_t": "01:30",
    "high": 88.61000061035156,
    "high_t": "05:30",
    "open_to_low_pct": -0.3866453860040142,
    "open_to_high_pct": 3.8195690621118494
  },
  "Gold": {
    "open": 4135.10009765625,
    "close": 4126.60009765625,
    "low": 4074.60009765625,
    "low_t": "18:00",
    "high": 4171.39990234375,
    "high_t": "11:30",
    "open_to_low_pct": -1.4630842923074816,
    "open_to_high_pct": 0.8778458521010002
  },
  "USD/JPY": {
    "open": 163.19900512695312,
    "close": 163.10000610351562,
    "low": 162.66200256347656,
    "low_t": "08:30",
    "high": 163.22799682617188,
    "high_t": "00:00",
    "open_to_low_pct": -0.32904769429128455,
    "open_to_high_pct": 0.017764629873928683
  }
}