{
  "Nasdaq": {
    "open": 25771.22265625,
    "close": 25829.607421875,
    "low": 25672.828125,
    "low_t": "09:30",
    "high": 25880.34375,
    "high_t": "13:30",
    "open_to_low_pct": -0.38180001221687077,
    "open_to_high_pct": 0.4234222613552774
  },
  "S&P 500": {
    "open": 7489.9501953125,
    "close": 7507.31982421875,
    "low": 7467.85986328125,
    "low_t": "09:30",
    "high": 7515.31005859375,
    "high_t": "12:30",
    "open_to_low_pct": -0.29493296290641347,
    "open_to_high_pct": 0.3385852057750771
  },
  "Russell 2000": {
    "open": 2949.44482421875,
    "close": 2986.876708984375,
    "low": 2949.44482421875,
    "low_t": "09:30",
    "high": 2988.426513671875,
    "high_t": "15:30",
    "open_to_low_pct": 0.0,
    "open_to_high_pct": 1.3216619322061973
  },
  "Nvidia": {
    "open": 207.5399932861328,
    "close": 207.17999267578125,
    "low": 204.01010131835938,
    "low_t": "10:00",
    "high": 208.64999389648438,
    "high_t": "09:30",
    "open_to_low_pct": -1.7008249407172382,
    "open_to_high_pct": 0.5348369693841226
  },
  "WTI": {
    "open": 82.16999816894531,
    "close": 84.62999725341797,
    "low": 81.38999938964844,
    "low_t": "04:00",
    "high": 85.02999877929688,
    "high_t": "10:30",
    "open_to_low_pct": -0.9492500872315457,
    "open_to_high_pct": 3.480589843109483
  },
  "Gold": {
    "open": 4051.699951171875,
    "close": 4083.699951171875,
    "low": 4048.39990234375,
    "low_t": "00:00",
    "high": 4092.5,
    "high_t": "14:00",
    "open_to_low_pct": -0.081448499836978,
    "open_to_high_pct": 1.006985939724503
  },
  "USD/JPY": {
    "open": 162.49099731445312,
    "close": 163.18899536132812,
    "low": 162.42599487304688,
    "low_t": "02:00",
    "high": 163.23899841308594,
    "high_t": "21:00",
    "open_to_low_pct": -0.04000371865553465,
    "open_to_high_pct": 0.4603338714115113
  }
}